Deck Name,URL,Player,Card Kingdom,TCG Player,Manatraders,Cardhoarder
Monoblack Devotion,http://www.mtgtop8.com/event?e=27446&d=417989&f=PI,Takeoutree,35,106,9.95,2
Mono Black Aggro,http://www.mtgtop8.com/event?e=27440&d=417932&f=PI,Oreuga,360,408,34.95,157
Mono Black Aggro,http://www.mtgtop8.com/event?e=27183&d=413862&f=PI,mahzinha_linda,344,346,34.95,125
Mono Black Aggro,http://www.mtgtop8.com/event?e=27378&d=417128&f=PI,Kazuga,343,343,34.95,124
Mono Black Aggro,http://www.mtgtop8.com/event?e=26893&d=409676&f=PI,bolov0,343,344,34.95,124
Mono Black Aggro,http://www.mtgtop8.com/event?e=27112&d=413243&f=PI,bolov0,340,342,34.95,124
Mono Black Aggro,http://www.mtgtop8.com/event?e=27183&d=413861&f=PI,nathanb1992,310,341,34.95,126
Devotion to Green,http://www.mtgtop8.com/event?e=27183&d=413865&f=PI,Searzist,443,412,59.95,216
Mono Green Aggro,http://www.mtgtop8.com/event?e=27175&d=413815&f=PI,qbturtle15,182,214,9.95,55
Devotion to Green,http://www.mtgtop8.com/event?e=27259&d=414602&f=PI,Curveiganhei,465,429,59.95,216
Devotion to Green,http://www.mtgtop8.com/event?e=27342&d=416792&f=PI,Juumonji Ryou,434,413,34.95,207
Mono Black Aggro,http://www.mtgtop8.com/event?e=27259&d=414601&f=PI,trukanshii,343,344,34.95,124
Mono Black Aggro,http://www.mtgtop8.com/event?e=26854&d=409300&f=PI,Daigo Toshimune,340,345,34.95,124
Mono Black Aggro,http://www.mtgtop8.com/event?e=27342&d=416790&f=PI,Kageyama Hiroki,244,292,9.95,66
Devotion to Green,http://www.mtgtop8.com/event?e=27159&d=413691&f=PI,Nakano Satoshi,456,435,34.95,197
Mono Black Aggro,http://www.mtgtop8.com/event?e=27195&d=413971&f=PI,Niwa Keita,344,404,34.95,127
Vampires,http://www.mtgtop8.com/event?e=27153&d=413642&f=PI,Bandit Keith,384,433,34.95,138
Devotion to Green,http://www.mtgtop8.com/event?e=27077&d=412852&f=PI,stonepeanut,424,406,34.95,186
Mono Black Aggro,http://www.mtgtop8.com/event?e=26845&d=409143&f=PI,jundilion,239,290,9.95,66
Devotion to Green,http://www.mtgtop8.com/event?e=27175&d=413819&f=PI,watsorb,483,433,59.95,221
Mono Black Aggro,http://www.mtgtop8.com/event?e=27226&d=414262&f=PI,Nakamura Masaya,312,343,34.95,129
Devotion to Green,http://www.mtgtop8.com/event?e=27077&d=412851&f=PI,Chub_Toad_,428,408,34.95,202
Devotion to Green,http://www.mtgtop8.com/event?e=27195&d=413970&f=PI,Motokawa Satoshi,357,340,34.95,180
Mono Black Aggro,http://www.mtgtop8.com/event?e=27214&d=414123&f=PI,Nishio Tomoyasu,303,335,34.95,122
Mono Black Aggro,http://www.mtgtop8.com/event?e=27241&d=414399&f=PI,pokerswizard,360,409,34.95,157
Mono Black Aggro,http://www.mtgtop8.com/event?e=26790&d=407908&f=PI,Dragonjonz,323,324,34.95,118
Mono Black Aggro,http://www.mtgtop8.com/event?e=26745&d=407370&f=PI,Ishibashi Yukinori,300,332,34.95,117
Devotion to Green,http://www.mtgtop8.com/event?e=27183&d=413866&f=PI,Beekeeper,431,409,34.95,203
Mono Black Aggro,http://www.mtgtop8.com/event?e=26745&d=407375&f=PI,Nishio Tomoyasu,274,304,34.95,111
Mono Black Aggro,http://www.mtgtop8.com/event?e=27241&d=414400&f=PI,reisenza,274,304,34.95,116
Devotion to Green,http://www.mtgtop8.com/event?e=27113&d=413242&f=PI,Kuroda Kentarou,408,390,34.95,193
Devotion to Green,http://www.mtgtop8.com/event?e=27010&d=411642&f=PI,papporockentucara,356,334,34.95,177
Devotion to Green,http://www.mtgtop8.com/event?e=27043&d=412067&f=PI,JV_7777,448,429,34.95,196
Devotion to Green,http://www.mtgtop8.com/event?e=27007&d=411611&f=PI,Bryzem1,428,410,34.95,186
Devotion to Green,http://www.mtgtop8.com/event?e=27043&d=412064&f=PI,Joltivation,428,408,34.95,186
Devotion to Green,http://www.mtgtop8.com/event?e=26875&d=409512&f=PI,Shimazaki Taichi,447,406,34.95,200
Devotion to Green,http://www.mtgtop8.com/event?e=26893&d=409670&f=PI,D00mwake,449,431,34.95,196
Devotion to Simic,http://www.mtgtop8.com/event?e=26975&d=411233&f=PI,Sasaki Kazuya,547,543,34.95,203
Bant Spirit,http://www.mtgtop8.com/event?e=27446&d=417988&f=PI,Luanbraga,449,431,34.95,118
Devotion to Green,http://www.mtgtop8.com/event?e=26841&d=409108&f=PI,nathansteuer,447,422,34.95,207
Uw Spirit Aggro,http://www.mtgtop8.com/event?e=27446&d=417990&f=PI,Cunhapuka,169,183,9.95,49
UW Spirit Aggro,http://www.mtgtop8.com/event?e=27241&d=414412&f=PI,MissTrigger,192,199,9.95,48
Devotion to Green,http://www.mtgtop8.com/event?e=26975&d=411234&f=PI,Tsuruoka Morito,429,412,34.95,186
Spirit Aggro,http://www.mtgtop8.com/event?e=27422&d=417727&f=PI,Nakajima Chikara,432,448,34.95,189
UW Spirit Aggro,http://www.mtgtop8.com/event?e=27077&d=412848&f=PI,Snusnumrick,191,198,9.95,47
UW Spirit Aggro,http://www.mtgtop8.com/event?e=27228&d=414270&f=PI,Miyamoto Yoshiki,203,213,9.95,96
Uw Spirit Aggro,http://www.mtgtop8.com/event?e=27446&d=417995&f=PI,Bandit Keith,168,188,9.95,39
UW Spirit Aggro,http://www.mtgtop8.com/event?e=27069&d=412742&f=PI,Nakano Yuusuke,192,209,34.95,107
UW Spirit Aggro,http://www.mtgtop8.com/event?e=27241&d=414410&f=PI,L3D91,240,243,34.95,117
UW Spirit Aggro,http://www.mtgtop8.com/event?e=26873&d=409495&f=PI,Fujiwara Kouichi,170,188,9.95,41
UW Spirit Aggro,http://www.mtgtop8.com/event?e=27010&d=411638&f=PI,Carrollis,192,211,34.95,134
UW Spirit Aggro,http://www.mtgtop8.com/event?e=26934&d=410208&f=PI,NobodyKnowsImADog,222,223,9.95,63
Spirit Aggro,http://www.mtgtop8.com/event?e=27158&d=413686&f=PI,Maryu Soutarou,374,394,9.95,106
UW Spirit Aggro,http://www.mtgtop8.com/event?e=26893&d=409675&f=PI,Traft,222,223,9.95,63
UW Spirit Aggro,http://www.mtgtop8.com/event?e=26893&d=409674&f=PI,Nydethess,184,200,9.95,106
UW Spirit Aggro,http://www.mtgtop8.com/event?e=26937&d=410245&f=PI,Sahara Kohei,198,218,9.95,56
Spirit Aggro,http://www.mtgtop8.com/event?e=26873&d=409494&f=PI,Maryuu Soutarou,384,410,34.95,106
Spirit Aggro,http://www.mtgtop8.com/event?e=26893&d=409672&f=PI,RearrangedAS,300,309,34.95,138
RDW,http://www.mtgtop8.com/event?e=27322&d=416467&f=PI,Igarashi Tomohiro,208,208,9.95,111
Spirit Aggro,http://www.mtgtop8.com/event?e=26937&d=410241&f=PI,Iwazaki Yuta,369,387,9.95,100
UW Spirit Aggro,http://www.mtgtop8.com/event?e=27159&d=413689&f=PI,Nakano Yuusuke,212,217,9.95,99
Red Deck Wins,http://www.mtgtop8.com/event?e=27241&d=414409&f=PI,_Shatun_,156,180,34.95,126
RDW,http://www.mtgtop8.com/event?e=27226&d=414261&f=PI,Terasawa Yu,212,219,34.95,107
Red Deck Wins,http://www.mtgtop8.com/event?e=27175&d=413813&f=PI,_Shatun_,156,179,34.95,126
Red Deck Wins,http://www.mtgtop8.com/event?e=27183&d=413863&f=PI,_Shatun_,156,179,34.95,126
RDW,http://www.mtgtop8.com/event?e=27159&d=413690&f=PI,Osanai Yuuma,212,219,34.95,107
Red Deck Wins,http://www.mtgtop8.com/event?e=27077&d=412853&f=PI,ShowTime_,156,179,34.95,126
RDW,http://www.mtgtop8.com/event?e=27010&d=411641&f=PI,Goatloving,175,174,9.95,76
RDW,http://www.mtgtop8.com/event?e=27158&d=413687&f=PI,Nakajima Shunichi,212,219,34.95,107
Red Deck Wins,http://www.mtgtop8.com/event?e=27010&d=411639&f=PI,ShowTime_,159,177,34.95,123
Red Deck Wins,http://www.mtgtop8.com/event?e=26736&d=407278&f=PI,William Richards,90,111,9.95,82
Boros Burn,http://www.mtgtop8.com/event?e=26937&d=410244&f=PI,Tanaka Shun,208,202,9.95,103
Red Deck Wins,http://www.mtgtop8.com/event?e=26934&d=410209&f=PI,Wizard_2002,153,179,34.95,117
Red Deck Wins,http://www.mtgtop8.com/event?e=26651&d=406068&f=PI,jbtwist,148,166,34.95,123
Red Deck Wins,http://www.mtgtop8.com/event?e=26905&d=409808&f=PI,Th00mor,184,228,34.95,106
Ensoul Artifacts,http://www.mtgtop8.com/event?e=27226&d=414258&f=PI,Miura Ryuuji,249,256,9.95,71
Ur Ensoul,http://www.mtgtop8.com/event?e=27186&d=413888&f=PI,Sebastian Kulpok,111,140,9.95,33
UW Ensoul,http://www.mtgtop8.com/event?e=27175&d=413817&f=PI,torers,282,287,9.95,76
Uw Ensoul,http://www.mtgtop8.com/event?e=27153&d=413638&f=PI,Hamuda,293,298,9.95,82
UR Ensoul Artifact,http://www.mtgtop8.com/event?e=27054&d=412630&f=PI,davidbrito,195,230,9.95,49
All That Glitters Aggro,http://www.mtgtop8.com/event?e=27129&d=413370&f=PI,Baku_91,282,287,9.95,76
UR Ensoul,http://www.mtgtop8.com/event?e=27195&d=413969&f=PI,Okabe Kiyotaka,196,231,9.95,49
UW Ensoul,http://www.mtgtop8.com/event?e=27158&d=413684&f=PI,Manabe Riki,255,266,9.95,78
Sram Aggro,http://www.mtgtop8.com/event?e=27176&d=413821&f=PI,Antoine Delalandre,171,211,9.95,63
UR Ensoul Artifact,http://www.mtgtop8.com/event?e=27078&d=412854&f=PI,Ishikawa Atsuhiro,194,217,9.95,82
UR Ensoul,http://www.mtgtop8.com/event?e=26845&d=409144&f=PI,vihespanhol,280,288,9.95,76
UR Ensoul Artifact,http://www.mtgtop8.com/event?e=26862&d=409378&f=PI,Ishikawa Atsuhiro,168,199,9.95,42
Orzhov Sram,http://www.mtgtop8.com/event?e=27446&d=417992&f=PI,Rafadoomed,94,116,9.95,13
UR Ensoul Artifact,http://www.mtgtop8.com/event?e=26862&d=409373&f=PI,Koshio Kenta,131,156,9.95,47
UR Ensoul Artifact,http://www.mtgtop8.com/event?e=26745&d=407374&f=PI,Kanada Taira,180,215,9.95,42
Orzhov Sram,http://www.mtgtop8.com/event?e=27241&d=414402&f=PI,trader08111,202,240,9.95,70
Rakdos Aggro,http://www.mtgtop8.com/event?e=27175&d=413820&f=PI,gazmon48,224,265,34.95,167
Orzhov Sram,http://www.mtgtop8.com/event?e=27044&d=412071&f=PI,MJ_23,202,240,9.95,70
Orzhov Sram,http://www.mtgtop8.com/event?e=27094&d=413024&f=PI,Koga Ichirou,214,250,9.95,69
Orzhov Sram,http://www.mtgtop8.com/event?e=26828&d=408499&f=PI,Ooshima Shinpei,201,235,9.95,70
Rakdos Aggro,http://www.mtgtop8.com/event?e=27316&d=416404&f=PI,Takeuchi Ryouta,363,410,34.95,200
Orzhov Sram,http://www.mtgtop8.com/event?e=26854&d=409294&f=PI,Sano Gennma,198,231,9.95,69
Orzhov Sram,http://www.mtgtop8.com/event?e=26975&d=411235&f=PI,Sano Genma,200,229,9.95,70
Orzhov Sram,http://www.mtgtop8.com/event?e=26740&d=407316&f=PI,Routine,198,227,9.95,70
Orzhov Sram,http://www.mtgtop8.com/event?e=26790&d=407910&f=PI,ModiSapiras,201,235,9.95,70
Orzhov Sram,http://www.mtgtop8.com/event?e=26701&d=406805&f=PI,ModiSapiras,200,230,9.95,70
Rakdos Aggro,http://www.mtgtop8.com/event?e=27179&d=413837&f=PI,rastaf,287,333,34.95,174
Rakdos Aggro,http://www.mtgtop8.com/event?e=27241&d=414406&f=PI,Wames13,345,397,34.95,205
Rakdos Aggro,http://www.mtgtop8.com/event?e=27241&d=414405&f=PI,MJ_23,329,376,34.95,189
Rakdos Aggro,http://www.mtgtop8.com/event?e=27183&d=413864&f=PI,_Falcon_,323,371,34.95,188
Rakdos Aggro,http://www.mtgtop8.com/event?e=27179&d=413839&f=PI,trader08111,287,333,34.95,174
Rakdos Midrange,http://www.mtgtop8.com/event?e=26736&d=407281&f=PI,Caleb Howe,452,510,34.95,255
Golgari Aggro,http://www.mtgtop8.com/event?e=27440&d=417935&f=PI,Peppe,274,350,9.95,69
Collected Golgari Aggro,http://www.mtgtop8.com/event?e=27422&d=417728&f=PI,Takeno Ryou,372,474,9.95,100
Rakdos Aggro,http://www.mtgtop8.com/event?e=27129&d=413371&f=PI,juzam_gin,259,300,34.95,111
Rakdos,http://www.mtgtop8.com/event?e=27153&d=413643&f=PI,Hmr1henrique,272,310,34.95,159
Rakdos Aggro,http://www.mtgtop8.com/event?e=27054&d=412631&f=PI,RhV,292,337,34.95,174
Golgari Aggro,http://www.mtgtop8.com/event?e=27078&d=412860&f=PI,Katou Yuuta,335,415,9.95,98
Golgari Citadel,http://www.mtgtop8.com/event?e=27129&d=413372&f=PI,pinkbom69,329,433,9.95,98
Golgari Aggro,http://www.mtgtop8.com/event?e=26841&d=409112&f=PI,Chefen,281,364,9.95,62
Collected Golgari Aggro,http://www.mtgtop8.com/event?e=27195&d=413967&f=PI,Hinouchi Keita,404,510,9.95,100
Golgari Aggro,http://www.mtgtop8.com/event?e=26845&d=409147&f=PI,nano_g,315,418,9.95,67
Golgari Aggro,http://www.mtgtop8.com/event?e=26740&d=407318&f=PI,rapidluis08,378,481,34.95,110
Golgari Aggro,http://www.mtgtop8.com/event?e=26745&d=407371&f=PI,Noguchi Hiroshi,276,350,9.95,57
Golgari Aggro,http://www.mtgtop8.com/event?e=26875&d=409508&f=PI,Satou Keisuke,296,404,9.95,71
Monow Lurrus,http://www.mtgtop8.com/event?e=27446&d=417993&f=PI,Phil_izzet,47,47,9.95,23
Weenie White,http://www.mtgtop8.com/event?e=27138&d=413464&f=PI,Miyamoto Keisuke,345,367,9.95,36
Monow Lurrus,http://www.mtgtop8.com/event?e=27153&d=413639&f=PI,Phil_izzet,48,47,9.95,23
Weenie White,http://www.mtgtop8.com/event?e=26740&d=407312&f=PI,ElYallo,298,308,9.95,57
UR Aggro,http://www.mtgtop8.com/event?e=27094&d=413025&f=PI,Kawasaki Kyouhei,190,229,34.95,123
Boros Aggro,http://www.mtgtop8.com/event?e=27054&d=412629&f=PI,iBroadband,176,179,9.95,88
Ur Aggro,http://www.mtgtop8.com/event?e=27153&d=413645&f=PI,Diogoleal,159,195,9.95,67
UR Aggro,http://www.mtgtop8.com/event?e=27054&d=412632&f=PI,gottelicious,216,233,34.95,125
Mono Blue Aggro,http://www.mtgtop8.com/event?e=27176&d=413822&f=PI,Geoffrey Caillet,68,89,9.95,28
Weenie White,http://www.mtgtop8.com/event?e=26651&d=406065&f=PI,ElYallo,298,309,9.95,57
Boros Aggro,http://www.mtgtop8.com/event?e=26905&d=409807&f=PI,_Caverna_,204,205,9.95,108
Devotion to White,http://www.mtgtop8.com/event?e=27078&d=412858&f=PI,Ishikawa Shou,250,245,9.95,48
Boros Aggro,http://www.mtgtop8.com/event?e=26701&d=406801&f=PI,guiyote,192,192,34.95,138
Gruul Aggro,http://www.mtgtop8.com/event?e=27043&d=412068&f=PI,Oatesy,344,384,34.95,133
Gruul Aggro,http://www.mtgtop8.com/event?e=26937&d=410240&f=PI,Osuga Hiroaki,234,302,34.95,106
Boros Aggro,http://www.mtgtop8.com/event?e=26905&d=409810&f=PI,iBroadband,166,167,9.95,90
Gruul Aggro,http://www.mtgtop8.com/event?e=26873&d=409491&f=PI,Arai Hiromasa,320,366,34.95,97
Izzet Arclight,http://www.mtgtop8.com/event?e=27139&d=413475&f=PI,Bise Shouta,196,277,9.95,95
Izzet Arclight,http://www.mtgtop8.com/event?e=27316&d=416405&f=PI,Matsumoto Tatsunori,179,262,9.95,83
Mono Blue Aggro,http://www.mtgtop8.com/event?e=27195&d=413968&f=PI,Onozuka Yuushi,131,136,34.95,108
UR Aggro,http://www.mtgtop8.com/event?e=27010&d=411640&f=PI,Fabrice_K,178,209,34.95,114
Dredge,http://www.mtgtop8.com/event?e=27201&d=414022&f=PI,Ricky Linn,270,312,9.95,78
Simic Aggro,http://www.mtgtop8.com/event?e=26845&d=409142&f=PI,Praxifi,474,519,34.95,224
Other,http://www.mtgtop8.com/event?e=27342&d=416787&f=PI,Ichikawa Takayoshi,329,360,9.95,76
Gruul Aggro,http://www.mtgtop8.com/event?e=27259&d=414603&f=PI,gimma,232,294,34.95,109
Rally the Ancestors,http://www.mtgtop8.com/event?e=27440&d=417933&f=PI,Gasotamu,199,213,9.95,29
Other,http://www.mtgtop8.com/event?e=27342&d=416793&f=PI,Kawasaki Kentarou,311,418,34.95,122
Jund Citadel,http://www.mtgtop8.com/event?e=27113&d=413240&f=PI,Aka Shunnsuke,436,531,34.95,122
Selesnya Tokens,http://www.mtgtop8.com/event?e=27446&d=417994&f=PI,Christaren,312,348,9.95,35
Gw Cats,http://www.mtgtop8.com/event?e=27153&d=413644&f=PI,Anacariane,266,290,9.95,40
Orzhov Midrange,http://www.mtgtop8.com/event?e=27158&d=413685&f=PI,Yamada Nobuhiro,323,353,34.95,196
Humans,http://www.mtgtop8.com/event?e=27078&d=412857&f=PI,Kitou Kazuumi,446,460,34.95,151
Humans,http://www.mtgtop8.com/event?e=26905&d=409812&f=PI,iHuman,367,406,34.95,158
Jund Sacrifice,http://www.mtgtop8.com/event?e=26905&d=409805&f=PI,mattn,329,434,9.95,98
Dredge,http://www.mtgtop8.com/event?e=26875&d=409505&f=PI,Nakashima Shunichi,489,542,34.95,217
Selesnya Heliod,http://www.mtgtop8.com/event?e=26651&d=406066&f=PI,howa,390,446,34.95,115
Selesnya Enchantress,http://www.mtgtop8.com/event?e=26715&d=406964&f=PI,David Cremieux,149,159,9.95,16
Dimir Midrange,http://www.mtgtop8.com/event?e=26905&d=409811&f=PI,MTGxMike,286,347,9.95,89
Humans,http://www.mtgtop8.com/event?e=26790&d=407892&f=PI,Newspaper,331,332,34.95,147
Selesnya Hardened Scales,http://www.mtgtop8.com/event?e=26745&d=407376&f=PI,Hayashi Tatsuya,379,387,9.95,84
Niv-Mizzet Reborn,http://www.mtgtop8.com/event?e=27164&d=413716&f=PI,Nakamura Kouki,716,782,59.95,414
Niv-Mizzet Reborn,http://www.mtgtop8.com/event?e=27241&d=414411&f=PI,claudioh,537,564,34.95,332
Niv-Mizzet Reborn,http://www.mtgtop8.com/event?e=27179&d=413840&f=PI,Tw33Ty,568,616,34.95,354
Niv-Mizzet Reborn,http://www.mtgtop8.com/event?e=27139&d=413476&f=PI,Matsumoto Tomohiro,742,778,59.95,431
Niv-Mizzet Reborn,http://www.mtgtop8.com/event?e=27214&d=414122&f=PI,Yokotani Junpei,756,816,59.95,427
Niv-Mizzet Reborn,http://www.mtgtop8.com/event?e=27139&d=413474&f=PI,Yamada Yuusuke,585,615,34.95,350
Niv-Mizzet Reborn,http://www.mtgtop8.com/event?e=27175&d=413816&f=PI,Tw33Ty,568,621,34.95,354
Niv-Mizzet Reborn,http://www.mtgtop8.com/event?e=27226&d=414260&f=PI,Hayashi Tatsuya,761,794,59.95,434
Niv-Mizzet Reborn,http://www.mtgtop8.com/event?e=27226&d=414257&f=PI,Yokotani Junpei,591,628,59.95,362
Niv-Mizzet Reborn,http://www.mtgtop8.com/event?e=27158&d=413675&f=PI,Horiuchi Makoto,665,747,59.95,406
Niv-Mizzet Reborn,http://www.mtgtop8.com/event?e=27094&d=413022&f=PI,Yoshida Kouki,720,773,59.95,414
Niv-Mizzet Reborn,http://www.mtgtop8.com/event?e=27043&d=412065&f=PI,karatedom,585,616,34.95,350
Temur Reclamation,http://www.mtgtop8.com/event?e=27375&d=417112&f=PI,-=Alfa=-,519,547,34.95,247
Niv-Mizzet Reborn,http://www.mtgtop8.com/event?e=26813&d=408290&f=PI,Takeuchi Ryouta,567,627,34.95,353
Niv-Mizzet Reborn,http://www.mtgtop8.com/event?e=26893&d=409671&f=PI,bobthedog,703,758,59.95,401
Niv-Mizzet Reborn,http://www.mtgtop8.com/event?e=27007&d=411613&f=PI,Toastxp,730,770,59.95,432
Temur Reclamation,http://www.mtgtop8.com/event?e=27440&d=417931&f=PI,Ramzamela7,519,546,34.95,246
Niv-Mizzet Reborn,http://www.mtgtop8.com/event?e=26934&d=410210&f=PI,lsmguys,724,781,59.95,432
Niv-Mizzet Reborn,http://www.mtgtop8.com/event?e=26937&d=410238&f=PI,Hayashi Tatsuya,794,835,59.95,444
Niv-Mizzet Reborn,http://www.mtgtop8.com/event?e=26875&d=409506&f=PI,Kobayashi Ryouhei,649,693,59.95,364
Niv-Mizzet Reborn,http://www.mtgtop8.com/event?e=26975&d=411240&f=PI,Yoshimura Tasuku,534,592,34.95,349
Temur Reclamation,http://www.mtgtop8.com/event?e=27378&d=417129&f=PI,JakeHelms,563,587,34.95,272
Niv-Mizzet Reborn,http://www.mtgtop8.com/event?e=26975&d=411231&f=PI,Matsumoto Tomohiro,647,692,59.95,362
Temur Reclamation,http://www.mtgtop8.com/event?e=27342&d=416789&f=PI,Mishina Ryouta,517,547,34.95,283
Temur Reclamation,http://www.mtgtop8.com/event?e=27228&d=414269&f=PI,Handou Shinnosuke,517,537,34.95,298
Temur Reclamation,http://www.mtgtop8.com/event?e=27228&d=414272&f=PI,Uchiyama Yasuyuki,505,524,34.95,304
Temur Reclamation,http://www.mtgtop8.com/event?e=27259&d=414604&f=PI,wkmidori,515,540,34.95,284
Temur Reclamation,http://www.mtgtop8.com/event?e=27241&d=414401&f=PI,Graciasportanto,561,585,34.95,272
Temur Reclamation,http://www.mtgtop8.com/event?e=27112&d=413241&f=PI,fingers1991,568,595,34.95,272
Temur Reclamation,http://www.mtgtop8.com/event?e=27179&d=413836&f=PI,larkblue,563,592,34.95,262
Temur Reclamation,http://www.mtgtop8.com/event?e=27164&d=413715&f=PI,Mishina Ryouta,472,506,34.95,222
Temur Reclamation,http://www.mtgtop8.com/event?e=27129&d=413365&f=PI,conormc530,518,542,34.95,300
Temur Reclamation,http://www.mtgtop8.com/event?e=27112&d=413239&f=PI,larkblue,500,532,34.95,247
Temur Reclamation,http://www.mtgtop8.com/event?e=27069&d=412741&f=PI,Handou Shinnosuke,498,530,34.95,261
Temur Reclamation,http://www.mtgtop8.com/event?e=27158&d=413688&f=PI,Hakoda Ryo,527,544,34.95,298
Temur Reclamation,http://www.mtgtop8.com/event?e=27241&d=414413&f=PI,oskiyaa,545,568,34.95,271
Temur Reclamation,http://www.mtgtop8.com/event?e=27241&d=414414&f=PI,fingers1991,637,668,59.95,284
Temur Reclamation,http://www.mtgtop8.com/event?e=27226&d=414263&f=PI,Adachi Kazumasa,533,563,34.95,267
Temur Reclamation,http://www.mtgtop8.com/event?e=27226&d=414259&f=PI,Sawada Ken,548,587,34.95,273
Temur Reclamation,http://www.mtgtop8.com/event?e=27044&d=412070&f=PI,ZYURYO,511,505,34.95,236
Jeskai Fires of Invention,http://www.mtgtop8.com/event?e=27378&d=417130&f=PI,BReal2,452,478,34.95,257
Fires of Invention,http://www.mtgtop8.com/event?e=27342&d=416788&f=PI,Hara Kouki,459,494,34.95,243
Fires of Invention,http://www.mtgtop8.com/event?e=27259&d=414598&f=PI,Verduyn,442,499,34.95,256
Fires of Invention,http://www.mtgtop8.com/event?e=27259&d=414605&f=PI,Th00mor,320,349,34.95,112
Fires of Invention,http://www.mtgtop8.com/event?e=27214&d=414124&f=PI,Hata Hideaki,453,503,34.95,256
Fires of Invention,http://www.mtgtop8.com/event?e=27310&d=416317&f=PI,Masuda Satoshi,367,399,34.95,187
Fires of Invention,http://www.mtgtop8.com/event?e=27226&d=414264&f=PI,Arakawa Tomohiro,438,489,34.95,251
Fires of Invention,http://www.mtgtop8.com/event?e=27179&d=413838&f=PI,A22en,475,500,34.95,255
Fires of Invention,http://www.mtgtop8.com/event?e=27241&d=414404&f=PI,Asmodean1990,464,495,34.95,250
Fires of Invention,http://www.mtgtop8.com/event?e=27138&d=413467&f=PI,Oku Kazuhiro,542,623,34.95,135
Fires of Invention,http://www.mtgtop8.com/event?e=27158&d=413682&f=PI,Hara Kouki,434,473,34.95,242
Fires of Invention,http://www.mtgtop8.com/event?e=27054&d=412628&f=PI,Sunbird17,450,470,34.95,228
Jeskai Fires of Invention,http://www.mtgtop8.com/event?e=26905&d=409806&f=PI,jay44bab,458,488,34.95,250
Jeskai Fires of Invention,http://www.mtgtop8.com/event?e=27129&d=413374&f=PI,TheMAChudz,367,398,34.95,168
Fires of Invention,http://www.mtgtop8.com/event?e=27010&d=411643&f=PI,Th00mor,512,595,34.95,147
Jeskai Fires of Invention,http://www.mtgtop8.com/event?e=26937&d=410242&f=PI,Ito Hayato,424,450,34.95,251
Jeskai Fires of Invention,http://www.mtgtop8.com/event?e=27010&d=411644&f=PI,krebrovich,475,526,34.95,247
Fires of Invention,http://www.mtgtop8.com/event?e=26875&d=409510&f=PI,Mochiki Kazuto,403,441,34.95,322
Sultai Control,http://www.mtgtop8.com/event?e=27440&d=417934&f=PI,kvza,593,675,34.95,271
Sultai Delirium,http://www.mtgtop8.com/event?e=27316&d=416407&f=PI,Okamura Takumi,723,781,34.95,339
Sultai Control,http://www.mtgtop8.com/event?e=27422&d=417726&f=PI,Katou Ryu,690,764,59.95,356
Jeskai Fires of Invention,http://www.mtgtop8.com/event?e=26975&d=411232&f=PI,Kishi Daisuke,413,478,34.95,240
Sultai Yorion Control,http://www.mtgtop8.com/event?e=26725&d=407025&f=PI,McWinSauce,784,860,34.95,350
Sultai Control,http://www.mtgtop8.com/event?e=27054&d=412635&f=PI,exoticherman,679,716,34.95,315
Sultai Control,http://www.mtgtop8.com/event?e=27259&d=414599&f=PI,Ladon,607,689,34.95,280
Jeskai Fires of Invention,http://www.mtgtop8.com/event?e=26845&d=409141&f=PI,yunk3r,476,503,34.95,197
Sultai Control,http://www.mtgtop8.com/event?e=26893&d=409673&f=PI,Arianne,696,761,59.95,323
Sultai Control,http://www.mtgtop8.com/event?e=26845&d=409145&f=PI,Elad_Win,681,749,59.95,322
Sultai Control,http://www.mtgtop8.com/event?e=27310&d=416315&f=PI,Niwa Keita,692,762,59.95,294
Sultai Delirium,http://www.mtgtop8.com/event?e=26875&d=409507&f=PI,Takahashi Tarou,770,824,34.95,340
Sultai Midrange,http://www.mtgtop8.com/event?e=26790&d=407907&f=PI,biz1,664,744,34.95,303
Sultai Delirium,http://www.mtgtop8.com/event?e=26813&d=408289&f=PI,Okamura Takumi,716,777,34.95,338
UW Control,http://www.mtgtop8.com/event?e=27241&d=414408&f=PI,WaToO,312,373,34.95,180
UW Control,http://www.mtgtop8.com/event?e=27228&d=414271&f=PI,Usui Tomoki,306,348,34.95,155
Uw Approach,http://www.mtgtop8.com/event?e=27186&d=413890&f=PI,Michael Stix,280,318,34.95,174
UW Control,http://www.mtgtop8.com/event?e=27129&d=413375&f=PI,paolothewall182,317,365,34.95,109
UW Control,http://www.mtgtop8.com/event?e=27138&d=413471&f=PI,U Kashin,529,614,34.95,313
UW Control,http://www.mtgtop8.com/event?e=27094&d=413023&f=PI,Hiroshima Hajime,326,367,34.95,156
UW Control,http://www.mtgtop8.com/event?e=27077&d=412849&f=PI,gogogadgetcoaster,337,377,34.95,176
UW Control,http://www.mtgtop8.com/event?e=26893&d=409677&f=PI,lsv,338,377,34.95,176
UW Control,http://www.mtgtop8.com/event?e=26745&d=407373&f=PI,Arakawa Tomohiro,312,381,34.95,179
UW Control,http://www.mtgtop8.com/event?e=26905&d=409809&f=PI,Masontj,337,377,34.95,176
UW Control,http://www.mtgtop8.com/event?e=26937&d=410243&f=PI,Arakawa Tomohiro,327,378,34.95,186
Esper Yorion Control,http://www.mtgtop8.com/event?e=27179&d=413835&f=PI,duofanel,452,529,34.95,208
Esper Control,http://www.mtgtop8.com/event?e=27175&d=413814&f=PI,Scalli323,470,555,34.95,207
Esper Yorion Control,http://www.mtgtop8.com/event?e=27241&d=414407&f=PI,Harry13,472,560,34.95,195
Esper Yorion Control,http://www.mtgtop8.com/event?e=27054&d=412634&f=PI,dzedz_,448,526,34.95,194
Esper Yorion,http://www.mtgtop8.com/event?e=27153&d=413640&f=PI,Kaosbr,483,563,34.95,199
Esper Yorion Control,http://www.mtgtop8.com/event?e=27007&d=411612&f=PI,McWinSauce,459,540,34.95,204
Bant Control,http://www.mtgtop8.com/event?e=27139&d=413478&f=PI,Ishikawa Kousuke,416,454,34.95,218
Esper Yorion Control,http://www.mtgtop8.com/event?e=27043&d=412066&f=PI,marolanzi,464,544,34.95,213
Esper Yorion Control,http://www.mtgtop8.com/event?e=26845&d=409146&f=PI,billsive,460,541,34.95,205
Esper Control,http://www.mtgtop8.com/event?e=26813&d=408283&f=PI,Tada Misaki,463,571,34.95,230
Esper Yorion Control,http://www.mtgtop8.com/event?e=26651&d=406062&f=PI,EricSlashGreg,460,547,34.95,204
Bant Control,http://www.mtgtop8.com/event?e=27129&d=413373&f=PI,yutya,824,834,59.95,390
Izzet Control,http://www.mtgtop8.com/event?e=27195&d=413972&f=PI,Iida Naoki,172,202,9.95,79
Bant Control,http://www.mtgtop8.com/event?e=26701&d=406804&f=PI,hiyarako,691,743,59.95,410
Simic Ramp,http://www.mtgtop8.com/event?e=26894&d=409692&f=PI,Graciasportanto,643,680,34.95,248
UR Control,http://www.mtgtop8.com/event?e=27078&d=412856&f=PI,Iida Naoki,175,202,9.95,87
Devotion to Simic,http://www.mtgtop8.com/event?e=27078&d=412855&f=PI,Funayama Harunobu,877,908,34.95,280
Gates 5-color,http://www.mtgtop8.com/event?e=27446&d=417991&f=PI,Gnarr_gjenfodt,25,35,9.95,3
UB Control,http://www.mtgtop8.com/event?e=27259&d=414600&f=PI,Magicisfuntodo,275,376,9.95,97
Omnath,http://www.mtgtop8.com/event?e=27440&d=417918&f=PI,thugnificent32,723,706,59.95,451
UB Control,http://www.mtgtop8.com/event?e=27241&d=414403&f=PI,MrCafouillette,231,325,9.95,93
Grixis Midrange,http://www.mtgtop8.com/event?e=27153&d=413641&f=PI,Arizovisk,462,509,34.95,150
Simic Reclamation,http://www.mtgtop8.com/event?e=26894&d=409690&f=PI,FunkiMunki,354,397,34.95,192
Dimir Control,http://www.mtgtop8.com/event?e=27077&d=412850&f=PI,hodortimebaby,322,408,34.95,132
Winota,http://www.mtgtop8.com/event?e=27316&d=416406&f=PI,Takubo Masayuki,411,428,34.95,126
Simic Reclamation,http://www.mtgtop8.com/event?e=26790&d=407906&f=PI,aspiringspike,415,455,34.95,249
UB Control,http://www.mtgtop8.com/event?e=27054&d=412633&f=PI,SoulStrong,323,408,34.95,132
Jeskai Control,http://www.mtgtop8.com/event?e=26745&d=407377&f=PI,Masui Shuryuu,353,408,34.95,266
Winota,http://www.mtgtop8.com/event?e=27322&d=416466&f=PI,Kikkawa Yuya,410,424,34.95,142
Orzhov Yorion Control,http://www.mtgtop8.com/event?e=27139&d=413479&f=PI,Yamazaki Takefumi,223,283,9.95,69
Winota,http://www.mtgtop8.com/event?e=27310&d=416314&f=PI,Ikeda Takeshi,439,453,34.95,174
Winota,http://www.mtgtop8.com/event?e=26894&d=409691&f=PI,marolanzi,404,419,34.95,145
Winota,http://www.mtgtop8.com/event?e=26934&d=410211&f=PI,Nammersquats,391,408,34.95,137
Winota,http://www.mtgtop8.com/event?e=26937&d=410239&f=PI,Kageyama Koki,418,431,34.95,153
Winota,http://www.mtgtop8.com/event?e=26875&d=409509&f=PI,Uemura Akira,406,421,34.95,145
Winota,http://www.mtgtop8.com/event?e=26828&d=408501&f=PI,Matsumoto Shouta,413,446,34.95,129
Lotus Field,http://www.mtgtop8.com/event?e=27214&d=414125&f=PI,Tonouchi Keita,194,251,9.95,47
Winota,http://www.mtgtop8.com/event?e=26845&d=409156&f=PI,PieGonti,286,300,9.95,85
Lotus Field,http://www.mtgtop8.com/event?e=27440&d=417917&f=PI,Bryant_Cook,184,289,9.95,45
Winota,http://www.mtgtop8.com/event?e=26873&d=409493&f=PI,Uemura Akira,389,411,34.95,138
Winota,http://www.mtgtop8.com/event?e=26790&d=407905&f=PI,Amurica,398,413,34.95,146
Lotus Field,http://www.mtgtop8.com/event?e=27129&d=413368&f=PI,cws,292,401,34.95,117
Lotus Field,http://www.mtgtop8.com/event?e=27158&d=413683&f=PI,Heshiki Tatsuki,151,236,9.95,58
Lotus Field,http://www.mtgtop8.com/event?e=26740&d=407322&f=PI,Sunbird17,154,240,9.95,42
Lotus Field,http://www.mtgtop8.com/event?e=27175&d=413818&f=PI,BoltTheBirds,186,292,9.95,48
Lotus Field,http://www.mtgtop8.com/event?e=26745&d=407372&f=PI,Nakashima Ryou,189,284,9.95,47
Lotus Field,http://www.mtgtop8.com/event?e=26651&d=406067&f=PI,cws,185,273,9.95,56
Dimir Inverter,http://www.mtgtop8.com/event?e=26862&d=409376&f=PI,Niwa Keita,337,442,9.95,79
Dimir Inverter,http://www.mtgtop8.com/event?e=26725&d=407023&f=PI,yashimoro,337,596,9.95,77
Dimir Inverter,http://www.mtgtop8.com/event?e=26715&d=406963&f=PI,Sylvain Leucat,319,422,9.95,85
Dimir Inverter,http://www.mtgtop8.com/event?e=26701&d=406800&f=PI,Bearcestrialrecaller,319,423,9.95,85
Dimir Inverter,http://www.mtgtop8.com/event?e=26725&d=407024&f=PI,Kitchen_Finks,317,417,9.95,73
Dimir Inverter,http://www.mtgtop8.com/event?e=26651&d=406069&f=PI,Flaxh,319,424,9.95,85
Landless,http://www.mtgtop8.com/event?e=27440&d=417936&f=PI,bozokaboy,334,157,34.95,173
Winota,http://www.mtgtop8.com/event?e=26740&d=407314&f=PI,scalo94,384,416,34.95,108
Kethis Combo,http://www.mtgtop8.com/event?e=26740&d=407313&f=PI,TheKG,591,646,34.95,302
Indomitable Creativity,http://www.mtgtop8.com/event?e=27310&d=416316&f=PI,Kohagura Ryo,238,259,9.95,35
